﻿<?xml version="1.0" encoding="utf-8"?>
<doc>
  <assembly>
    <name>System.Xaml.Hosting</name>
  </assembly>
  <members>
    <member name="T:System.Xaml.Hosting.XamlBuildProvider">
      <summary>A build provider for server side XAML (.xamlx) documents.</summary>
    </member>
    <member name="M:System.Xaml.Hosting.XamlBuildProvider.#ctor">
      <summary>Initializes a new instance of the <see cref="T:System.Xaml.Hosting.XamlBuildProvider" /> class. </summary>
    </member>
    <member name="M:System.Xaml.Hosting.XamlBuildProvider.GetGeneratedType(System.CodeDom.Compiler.CompilerResults)">
      <summary>Returns a type generated by the build provider from the virtual path.</summary>
      <returns>The type that is generated by the build provider for the virtual path.</returns>
      <param name="results">The compilation results for the build provider's virtual path.</param>
    </member>
    <member name="M:System.Xaml.Hosting.XamlBuildProvider.GetResultFlags(System.CodeDom.Compiler.CompilerResults)">
      <summary>Returns a value that indicates actions required when a virtual path is built.</summary>
      <returns>The <see cref="T:System.Web.Compilation.BuildProviderResultFlags" /> value that indicates actions required after the virtual path is built.</returns>
      <param name="results">The compilation results for the build provider's virtual path.</param>
    </member>
    <member name="T:System.Xaml.Hosting.Configuration.HandlerElement">
      <summary>Manages the HTTP handler property of a XAML element in a configuration file.</summary>
    </member>
    <member name="M:System.Xaml.Hosting.Configuration.HandlerElement.#ctor">
      <summary>Initializes a new instance of the <see cref="T:System.Xaml.Hosting.Configuration.HandlerElement" /> class.</summary>
    </member>
    <member name="M:System.Xaml.Hosting.Configuration.HandlerElement.#ctor(System.String,System.String)">
      <summary>Initializes a new instance of the <see cref="T:System.Xaml.Hosting.Configuration.HandlerElement" /> class with specified HTTP handler and XAML root element type names.</summary>
      <param name="xamlType">The name of the XAML root element in a configuration file.</param>
      <param name="handlerType">The name of the HTTP handler property of an XAML element in a configuration file.</param>
    </member>
    <member name="P:System.Xaml.Hosting.Configuration.HandlerElement.HttpHandlerType">
      <summary>Gets or sets the type name of the HTTP handler property of an XAML element in a configuration file.</summary>
      <returns>
        <see cref="T:System.String" />.</returns>
    </member>
    <member name="P:System.Xaml.Hosting.Configuration.HandlerElement.XamlRootElementType">
      <summary>Gets or sets the type name of the root XAML element in a configuration file.</summary>
      <returns>
        <see cref="T:System.String" />.</returns>
    </member>
    <member name="T:System.Xaml.Hosting.Configuration.HandlerElementCollection">
      <summary>Manages a collection of configuration file handler elements.</summary>
    </member>
    <member name="M:System.Xaml.Hosting.Configuration.HandlerElementCollection.#ctor">
      <summary>Creates a new instance of the <see cref="T:System.Xaml.Hosting.Configuration.HandlerElementCollection" /> class with the string comparer setting initialized.</summary>
    </member>
    <member name="M:System.Xaml.Hosting.Configuration.HandlerElementCollection.Add(System.Xaml.Hosting.Configuration.HandlerElement)">
      <summary>Adds a handler configuration element to a <see cref="T:System.Xaml.Hosting.Configuration.HandlerElementCollection" />.</summary>
      <param name="handlerElement">An HTTP handler configuration element.</param>
    </member>
    <member name="M:System.Xaml.Hosting.Configuration.HandlerElementCollection.Clear">
      <summary>Removes all elements from a <see cref="T:System.Xaml.Hosting.Configuration.HandlerElementCollection" />. </summary>
    </member>
    <member name="P:System.Xaml.Hosting.Configuration.HandlerElementCollection.CollectionType">
      <summary>Gets the type of the HTTP handler element collection.</summary>
      <returns>
        <see cref="T:System.Configuration.ConfigurationElementCollectionType" />.</returns>
    </member>
    <member name="P:System.Xaml.Hosting.Configuration.HandlerElementCollection.Item(System.Int32)">
      <summary>Gets the HTTP handler element at the specified index location in the handler element collection.</summary>
      <returns>
        <see cref="T:System.Xaml.Hosting.Configuration.HandlerElement" />.</returns>
      <param name="index">An index location in a handler element collection. </param>
    </member>
    <member name="M:System.Xaml.Hosting.Configuration.HandlerElementCollection.Remove(System.String)">
      <summary>Removes the specified XAML root element from a <see cref="T:System.Xaml.Hosting.Configuration.HandlerElementCollection" />.</summary>
      <param name="xamlRootElementType">The XAML root element to remove from the collection.</param>
    </member>
    <member name="M:System.Xaml.Hosting.Configuration.HandlerElementCollection.Remove(System.Xaml.Hosting.Configuration.HandlerElement)">
      <summary>Removes the specified handler configuration element from a <see cref="T:System.Xaml.Hosting.Configuration.HandlerElementCollection" />.</summary>
      <param name="handlerElement">The HTTP handler element to remove from the collection.</param>
    </member>
    <member name="M:System.Xaml.Hosting.Configuration.HandlerElementCollection.RemoveAt(System.Int32)">
      <summary>Removes an element from a <see cref="T:System.Xaml.Hosting.Configuration.HandlerElementCollection" /> at the specified index location.</summary>
      <param name="index">The index location of the handler element to remove from the collection. </param>
    </member>
    <member name="T:System.Xaml.Hosting.Configuration.XamlHostingSection">
      <summary>Gets an empty collection of HTTP handler elements. </summary>
    </member>
    <member name="M:System.Xaml.Hosting.Configuration.XamlHostingSection.#ctor">
      <summary>Creates a new instance of the <see cref="T:System.Xaml.Hosting.Configuration.XamlHostingSection" /> class.</summary>
    </member>
    <member name="P:System.Xaml.Hosting.Configuration.XamlHostingSection.Handlers">
      <summary>Gets an empty collection of HTTP handler elements.</summary>
      <returns>
        <see cref="T:System.Xaml.Hosting.Configuration.HandlerElementCollection" />.</returns>
    </member>
    <member name="T:System.Xaml.Hosting.Configuration.XamlHostingSectionGroup">
      <summary>Gets the XAML hosting section of a configuration file.</summary>
    </member>
    <member name="M:System.Xaml.Hosting.Configuration.XamlHostingSectionGroup.#ctor">
      <summary>Creates a new instance of the <see cref="T:System.Xaml.Hosting.Configuration.XamlHostingSectionGroup" /> class.</summary>
    </member>
    <member name="P:System.Xaml.Hosting.Configuration.XamlHostingSectionGroup.XamlHostingSection">
      <summary>Gets the XAML hosting section of a configuration file.</summary>
      <returns>
        <see cref="T:System.Xaml.Hosting.Configuration.XamlHostingSection" />.</returns>
    </member>
  </members>
</doc>